aX,aY,aZ,gX,gY,gZ
-0.924,0.449,-1.383,121.460,-65.674,9.277
-1.073,0.542,-1.551,85.327,-59.753,23.682
-1.134,0.440,-1.590,16.907,-55.359,41.809
-1.258,0.325,-1.532,-58.289,-64.087,71.899
-1.420,0.437,-1.454,-97.168,-81.360,108.032
-1.601,0.415,-1.598,-93.018,-100.281,116.211
-1.802,0.354,-1.656,-61.096,-130.676,96.069
-2.018,0.175,-1.631,-21.301,-163.757,74.158
-2.269,0.130,-1.565,11.169,-189.087,65.552
-2.409,0.118,-1.475,40.161,-214.050,67.139
-2.549,0.153,-1.352,70.679,-242.981,68.237
-2.608,0.214,-1.219,88.562,-272.095,72.510
-2.608,0.322,-0.985,85.876,-293.640,83.435
-2.594,0.406,-0.756,74.585,-308.105,92.957
-2.530,0.399,-0.509,55.786,-319.458,97.900
-2.567,0.390,-0.144,33.508,-331.482,102.600
-2.504,0.459,0.252,17.639,-340.027,111.328
-2.385,0.600,0.667,7.019,-349.426,122.192
-2.234,0.838,1.083,-2.686,-357.971,135.132
-2.040,1.056,1.329,11.230,-358.704,140.076
-1.802,1.211,1.393,42.603,-352.478,131.836
-1.639,1.296,1.370,71.533,-346.252,113.892
-1.395,1.304,1.473,78.308,-337.708,101.685
-1.150,1.380,1.646,74.829,-327.148,105.591
-0.820,1.434,1.882,71.045,-317.444,109.070
-0.373,1.464,2.110,74.097,-304.138,95.642
-0.138,1.482,2.218,78.430,-285.278,66.223
0.043,1.435,2.132,91.309,-265.503,30.273
0.209,1.323,1.998,101.685,-249.512,1.648
0.257,1.208,1.776,88.623,-226.074,-6.531
0.335,1.183,1.533,68.481,-200.562,-2.258
0.457,1.170,1.363,55.908,-184.509,5.432
0.578,1.127,1.299,45.288,-174.500,12.024
0.647,1.085,1.212,39.734,-161.133,18.372
0.581,1.064,1.113,34.241,-142.639,24.597
0.520,1.123,0.994,29.846,-124.329,31.311
0.501,1.227,0.926,18.799,-108.582,37.476
0.519,1.391,0.782,1.709,-91.125,37.659
0.459,1.537,0.664,-12.634,-79.773,26.062
0.404,1.620,0.541,-8.240,-75.623,4.333
0.467,1.586,0.351,15.930,-70.801,-18.066
0.453,1.415,0.258,37.720,-62.927,-32.654
0.416,1.199,0.254,44.617,-53.528,-37.170
0.413,0.991,0.401,35.461,-44.983,-32.471
0.402,0.806,0.521,21.301,-35.950,-23.010
0.410,0.711,0.593,12.268,-27.832,-14.099
0.428,0.724,0.650,8.545,-23.315,-8.118
0.450,0.855,0.662,14.160,-19.897,-4.272
0.476,1.062,0.518,28.015,-12.207,-3.052
0.514,1.250,0.323,35.339,-4.272,-4.761
0.490,1.405,0.249,28.503,-1.160,-9.888
0.490,1.518,0.182,14.404,3.723,-15.808
0.450,1.535,0.052,15.503,11.230,-23.132
0.461,1.431,0.066,17.212,13.977,-32.532
0.412,1.401,0.050,32.959,16.174,-39.856
0.419,1.231,0.110,10.132,14.709,-46.082
0.431,1.071,0.121,0.488,16.418,-50.293
0.425,0.962,0.121,5.127,19.714,-50.354
0.401,0.928,0.084,11.597,21.606,-48.889
0.401,0.907,0.032,17.090,22.156,-47.180
0.388,0.921,-0.032,24.841,20.935,-45.532
0.376,0.938,-0.060,33.020,18.494,-43.884
0.371,0.974,-0.048,37.598,13.733,-44.189
0.338,1.007,-0.089,44.250,9.094,-47.058
0.294,1.018,-0.150,47.119,9.216,-48.645
0.323,1.057,-0.168,47.607,16.479,-43.884
0.333,1.010,-0.199,49.988,24.780,-36.316
0.406,0.983,-0.130,44.617,27.283,-28.931
0.435,0.960,-0.075,42.358,27.893,-26.428
0.425,0.928,-0.079,45.959,29.907,-28.015
0.406,0.899,-0.113,52.124,31.860,-30.273
0.380,0.894,-0.132,53.650,32.959,-30.396
0.304,0.891,-0.183,51.758,33.752,-29.541
0.297,0.900,-0.203,50.781,31.006,-27.588
0.321,0.914,-0.151,50.110,25.024,-25.574
0.322,0.939,-0.132,52.917,22.339,-25.818
0.305,0.943,-0.146,53.162,19.409,-27.527
0.316,0.940,-0.137,52.979,14.893,-29.419
0.329,0.917,-0.096,52.490,10.559,-29.846
0.356,0.896,-0.074,53.772,9.399,-29.114
0.363,0.894,-0.064,52.734,9.766,-28.015
0.365,0.882,-0.032,49.438,9.705,-28.198
0.359,0.861,0.005,47.241,9.888,-28.809
0.362,0.850,0.037,45.349,10.620,-29.419
0.348,0.842,0.035,42.969,12.512,-29.297
0.361,0.842,0.036,41.504,14.160,-28.809
0.357,0.843,0.017,41.931,14.282,-28.076
0.352,0.843,0.000,41.443,14.160,-27.039
0.374,0.852,0.014,40.100,13.855,-25.269
0.363,0.856,0.009,43.152,15.625,-22.766
0.374,0.877,-0.001,46.326,18.127,-20.447
0.387,0.908,0.006,46.570,17.517,-18.616
0.412,0.927,0.017,47.058,16.113,-18.860
0.430,0.930,0.029,47.241,14.282,-21.118
0.440,0.937,0.060,47.363,12.390,-23.621
0.445,0.929,0.094,48.828,11.047,-26.306
0.438,0.923,0.133,50.171,11.047,-28.442
0.422,0.896,0.139,50.659,13.123,-28.625
0.426,0.889,0.100,47.424,15.198,-26.489
0.435,0.904,0.093,40.405,15.747,-22.766
0.451,0.945,0.087,33.447,15.930,-19.409
0.459,0.906,0.087,28.076,15.869,-18.738
0.460,0.901,0.096,24.963,15.869,-18.127
0.463,0.901,0.064,20.691,16.907,-16.968
0.461,0.912,0.051,14.221,16.235,-16.296
0.451,0.905,0.048,10.864,13.794,-16.785
0.451,0.902,0.058,10.254,11.719,-17.517
0.453,0.914,0.081,10.742,9.644,-17.883
0.481,0.918,0.113,11.536,8.484,-18.616
0.500,0.907,0.143,11.719,9.521,-19.836
0.501,0.905,0.125,11.536,12.268,-20.874
0.483,0.881,0.082,9.827,14.404,-20.996
0.487,0.851,0.075,7.324,14.709,-20.447
0.482,0.835,0.090,3.845,15.137,-18.982
0.477,0.844,0.058,2.014,15.808,-16.602
0.484,0.833,0.022,1.160,15.564,-14.771
0.478,0.838,0.035,-0.244,13.733,-13.611
0.467,0.826,0.011,1.465,11.963,-12.695
0.491,0.817,0.003,4.517,9.766,-12.146

-0.651,0.853,-1.090,17.761,-96.680,174.744
-0.749,0.930,-1.121,25.940,-110.046,164.551
-0.862,1.036,-1.065,25.024,-122.620,157.349
-1.017,1.134,-1.017,14.709,-135.193,153.809
-1.177,1.295,-1.011,3.845,-145.386,154.297
-1.391,1.457,-1.065,-5.615,-156.555,157.471
-1.578,1.546,-1.065,-11.047,-173.584,158.875
-1.769,1.677,-0.963,-18.311,-195.923,153.625
-1.979,1.777,-0.790,-29.602,-215.942,144.592
-2.169,1.855,-0.636,-26.428,-233.582,130.798
-2.331,1.855,-0.347,-14.099,-251.831,112.244
-2.525,1.876,-0.073,1.709,-270.996,88.745
-2.760,1.858,0.094,15.747,-292.603,57.739
-2.778,1.884,0.434,47.119,-318.115,23.682
-2.744,1.808,0.832,57.495,-345.825,-8.606
-2.568,1.686,1.176,77.271,-358.948,-39.917
-2.331,1.500,1.380,96.313,-360.046,-75.745
-2.087,1.271,1.519,112.061,-351.685,-115.173
-1.760,0.982,1.630,136.047,-335.937,-155.029
-1.476,0.647,1.562,163.452,-312.134,-190.613
-1.266,0.330,1.417,158.630,-278.442,-214.050
-1.104,0.161,1.264,132.141,-242.676,-222.900
-0.972,0.149,1.060,112.915,-214.172,-221.130
-0.945,0.226,0.739,105.103,-190.186,-215.393
-0.961,0.311,0.453,98.694,-175.842,-210.327
-0.982,0.346,0.284,86.792,-176.025,-203.918
-0.909,0.363,0.271,62.805,-184.509,-192.749
-0.854,0.388,0.320,33.936,-189.270,-175.293
-0.823,0.429,0.365,12.817,-188.477,-156.738
-0.790,0.482,0.411,-6.653,-186.646,-137.024
-0.670,0.545,0.527,-28.076,-187.256,-113.342
-0.593,0.499,0.724,-30.334,-184.875,-91.492
-0.448,0.477,1.022,-15.930,-184.875,-80.994
-0.266,0.512,1.332,13.733,-183.167,-81.360
-0.138,0.600,1.577,53.650,-177.490,-95.703
-0.027,0.711,1.700,99.854,-170.654,-123.840
0.098,0.774,1.686,131.348,-162.415,-152.649
0.232,0.757,1.598,135.986,-147.888,-169.312
0.416,0.631,1.505,113.831,-128.967,-172.241
0.498,0.338,1.551,83.618,-108.398,-171.387
0.812,0.010,1.670,53.040,-95.764,-173.340
0.789,-0.383,1.762,30.701,-79.102,-167.419
0.661,-0.678,1.818,19.470,-57.922,-157.104
0.701,-0.796,1.779,26.062,-47.852,-140.930
0.686,-0.734,1.636,52.673,-33.447,-114.929
0.711,-0.513,1.480,72.937,-20.691,-87.097
0.778,-0.266,1.290,88.074,-16.296,-65.613
0.898,-0.006,1.216,96.436,-17.883,-56.702
0.997,0.232,1.138,101.868,-18.921,-62.622
1.197,0.285,1.063,97.961,-15.320,-75.684
1.286,0.103,1.118,67.139,-5.493,-82.031
1.240,-0.164,1.304,23.499,11.292,-83.435
1.199,-0.406,1.405,3.357,30.823,-84.351
1.160,-0.605,1.405,11.475,47.852,-85.571
0.962,-0.696,1.206,38.513,59.998,-85.815
0.798,-0.680,0.942,65.796,63.721,-78.064
0.828,-0.608,0.823,75.623,58.228,-52.734
0.914,-0.394,0.767,62.744,52.734,-12.756
0.968,-0.144,0.715,43.884,52.734,22.705
0.991,0.155,0.640,29.053,54.993,46.021
1.031,0.521,0.612,21.606,55.481,54.932
1.038,0.787,0.633,21.545,52.124,45.288
0.999,0.876,0.672,25.818,48.218,20.264
0.912,0.835,0.675,34.485,45.837,-6.531
0.899,0.759,0.642,48.340,43.945,-26.123
0.902,0.664,0.648,63.354,41.565,-39.001
0.897,0.584,0.595,86.426,39.673,-47.729
0.884,0.555,0.500,99.121,40.771,-48.523
0.841,0.548,0.378,100.891,43.274,-44.617
0.829,0.537,0.300,95.398,43.335,-38.574
0.807,0.528,0.237,87.341,41.443,-32.593
0.835,0.520,0.233,78.064,39.551,-28.748
0.883,0.492,0.293,68.176,37.598,-25.330
0.892,0.481,0.337,57.434,38.147,-22.827
0.904,0.440,0.453,48.523,37.537,-26.428
0.900,0.401,0.518,51.208,35.950,-31.616
0.893,0.391,0.546,61.279,35.278,-35.095
0.877,0.389,0.581,67.383,34.546,-37.048
0.865,0.395,0.573,69.519,33.936,-34.912
0.863,0.417,0.521,69.031,36.743,-28.137
0.866,0.412,0.458,61.401,41.504,-20.203
0.798,0.409,0.305,48.706,47.302,-11.597
0.805,0.417,0.198,34.668,50.049,-1.709
0.857,0.400,0.192,21.606,48.340,7.202
0.864,0.387,0.221,16.113,46.204,9.277
0.854,0.373,0.283,15.747,43.335,4.211
0.847,0.365,0.316,23.560,40.344,-2.930
0.829,0.368,0.322,34.119,37.415,-8.301
0.820,0.375,0.375,39.307,32.166,-12.085
0.824,0.391,0.409,40.405,28.625,-12.207
0.833,0.425,0.380,42.358,29.114,-9.216
0.845,0.458,0.322,40.710,30.701,-5.066
0.842,0.482,0.269,34.302,30.823,-1.953
0.832,0.483,0.240,27.527,29.053,-0.610
0.861,0.464,0.226,20.874,25.269,-1.099
0.894,0.428,0.264,15.808,20.996,-4.028
0.897,0.403,0.291,15.076,18.860,-8.667
0.895,0.381,0.288,21.118,19.226,-14.343
0.879,0.376,0.280,26.733,19.775,-18.738
0.883,0.379,0.283,30.701,18.433,-20.569
0.895,0.381,0.297,35.461,17.517,-20.752
0.890,0.393,0.321,34.485,18.799,-19.592
0.893,0.395,0.338,29.724,20.508,-17.700
0.886,0.390,0.351,28.625,22.034,-17.822
0.859,0.379,0.327,27.710,24.353,-19.714
0.858,0.355,0.317,25.818,24.902,-21.851
0.829,0.320,0.302,24.902,23.315,-23.804
0.853,0.296,0.331,24.475,22.583,-25.208
0.864,0.269,0.359,26.672,22.827,-26.245
0.867,0.242,0.359,31.189,22.888,-27.954
0.861,0.225,0.362,34.302,21.118,-29.602
0.847,0.245,0.382,36.682,19.226,-30.396
0.847,0.264,0.385,40.405,18.311,-30.090
0.864,0.285,0.393,43.579,18.433,-29.480
0.890,0.306,0.442,42.480,20.569,-28.564
0.903,0.308,0.491,38.818,24.292,-27.954
0.854,0.272,0.448,34.912,29.785,-28.931
0.819,0.238,0.341,30.151,36.255,-28.931
0.863,0.206,0.317,24.719,39.368,-24.170

-0.348,1.030,-1.711,-67.688,-14.221,313.660
-0.405,1.109,-1.715,-64.697,-32.715,300.415
-0.440,1.119,-1.622,-60.059,-51.086,281.799
-0.568,1.077,-1.547,-57.251,-64.636,262.634
-0.723,1.031,-1.453,-59.570,-78.430,247.314
-0.871,0.996,-1.274,-66.833,-94.238,239.380
-0.996,0.996,-1.152,-69.519,-113.098,238.037
-1.165,1.133,-1.145,-52.979,-119.019,237.610
-1.352,1.208,-1.017,-53.345,-125.183,235.046
-1.505,1.392,-1.056,-57.739,-135.132,230.347
-1.695,1.531,-0.989,-61.707,-148.621,220.703
-1.859,1.675,-0.949,-78.735,-168.823,206.177
-1.927,1.788,-0.800,-75.867,-187.439,190.002
-1.957,1.806,-0.639,-68.787,-205.566,169.312
-2.149,1.897,-0.582,-68.115,-226.624,137.573
-2.288,1.791,-0.444,-50.110,-236.633,117.920
-2.436,1.684,-0.338,-23.499,-246.277,104.614
-2.483,1.673,-0.177,9.705,-258.789,91.919
-2.496,1.747,-0.006,34.302,-276.489,78.796
-2.430,1.837,0.211,56.213,-296.814,54.810
-2.301,1.793,0.497,82.642,-314.270,17.517
-2.150,1.615,0.751,102.661,-326.355,-25.574
-2.028,1.404,0.991,119.324,-326.965,-71.777
-1.851,1.207,1.148,136.597,-321.350,-114.502
-1.631,1.044,1.211,155.762,-313.660,-151.550
-1.420,0.888,1.203,176.514,-302.429,-187.073
-1.241,0.759,1.148,197.144,-284.851,-221.680
-1.123,0.650,1.070,216.248,-265.198,-255.432
-0.997,0.541,1.047,231.445,-247.986,-285.095
-0.845,0.456,0.981,235.962,-228.760,-305.542
-0.780,0.392,0.822,234.558,-207.397,-319.214
-0.733,0.305,0.771,221.680,-197.083,-325.073
-0.626,0.184,0.848,199.768,-196.838,-314.880
-0.521,0.149,0.960,182.312,-190.735,-292.969
-0.418,0.230,1.206,171.692,-179.565,-271.606
-0.293,0.354,1.382,173.096,-169.250,-259.644
-0.181,0.437,1.431,180.420,-154.785,-258.728
-0.078,0.417,1.448,171.570,-135.864,-257.202
-0.033,0.319,1.411,140.259,-114.563,-244.385
0.127,0.146,1.428,98.938,-95.581,-220.215
0.431,-0.108,1.611,56.213,-78.552,-192.078
0.692,-0.403,1.835,21.973,-55.786,-171.143
0.787,-0.632,1.914,6.165,-25.330,-160.522
0.763,-0.789,1.878,25.818,4.333,-160.950
0.716,-0.764,1.785,68.848,27.222,-166.321
0.693,-0.574,1.631,111.694,44.800,-167.725
0.676,-0.309,1.367,140.259,59.631,-165.100
0.709,-0.075,1.153,148.621,72.754,-160.767
0.824,0.018,0.968,118.835,77.393,-150.085
0.830,-0.051,0.802,63.660,79.956,-133.606
0.761,-0.245,0.704,15.564,85.815,-119.385
0.748,-0.517,0.756,-4.700,86.548,-105.286
0.819,-0.727,0.777,2.869,74.402,-95.398
0.904,-0.860,0.705,37.537,62.317,-91.492
0.911,-0.906,0.596,76.721,57.373,-89.050
0.952,-0.843,0.427,104.675,55.542,-80.688
1.051,-0.700,0.251,119.446,53.406,-61.218
1.187,-0.470,0.117,114.746,52.185,-35.706
1.253,-0.224,0.098,100.464,54.626,-20.630
1.230,-0.089,0.108,80.688,56.641,-23.865
1.143,-0.054,0.068,54.993,53.711,-36.316
1.089,-0.151,0.003,28.687,45.044,-45.349
1.103,-0.264,0.048,12.207,34.058,-42.480
1.090,-0.340,0.200,3.540,25.574,-31.799
1.089,-0.349,0.339,6.531,20.020,-20.020
1.116,-0.295,0.345,20.935,17.761,-8.850
1.145,-0.206,0.315,36.499,18.066,0.610
1.214,-0.105,0.317,45.471,18.005,9.155
1.311,0.012,0.310,49.316,18.555,12.329
1.380,0.151,0.275,46.936,24.109,10.010
1.371,0.238,0.281,35.400,33.508,2.686
1.183,0.271,0.154,25.574,42.175,-8.789
1.081,0.306,0.011,23.743,46.936,-18.127
1.041,0.316,-0.046,19.592,42.297,-19.714
1.021,0.273,0.021,13.245,28.015,-17.700
1.044,0.218,0.126,10.315,14.160,-14.404
1.094,0.177,0.168,17.700,7.019,-10.925
1.101,0.160,0.182,27.710,5.493,-10.437
1.117,0.146,0.188,32.104,6.226,-10.803
1.126,0.134,0.185,35.034,8.362,-9.644
1.105,0.120,0.180,34.485,11.963,-8.179
1.081,0.101,0.186,29.541,15.991,-7.324
1.059,0.078,0.190,25.024,19.470,-6.226
1.009,0.062,0.168,24.292,22.766,-4.456
0.984,0.079,0.117,24.292,25.146,0.183
0.965,0.114,0.126,21.057,24.597,6.348
0.949,0.176,0.146,15.991,21.790,10.986
0.973,0.223,0.137,23.560,19.775,12.390
0.983,0.250,0.143,28.503,16.968,9.277
0.981,0.239,0.149,29.297,11.353,3.235
0.971,0.207,0.135,33.569,8.057,-1.648
0.964,0.180,0.144,33.936,7.080,-4.028
0.959,0.144,0.174,31.311,6.409,-4.395
0.960,0.123,0.208,27.771,7.141,-3.052
0.960,0.112,0.229,20.569,10.010,0.610
0.952,0.115,0.248,13.123,13.855,4.456
0.942,0.125,0.258,8.179,17.151,7.019
0.913,0.136,0.226,6.958,18.738,8.118
0.906,0.164,0.172,9.399,19.104,9.338
0.922,0.193,0.151,13.062,16.785,10.498
0.938,0.221,0.171,14.832,12.451,10.071
0.954,0.244,0.192,16.113,8.423,6.348
0.954,0.250,0.190,18.982,6.165,-0.122
0.946,0.234,0.182,20.752,5.493,-6.104
0.942,0.206,0.198,20.020,5.249,-10.376
0.943,0.168,0.223,18.677,5.127,-11.963
0.939,0.141,0.228,18.494,5.615,-11.597
0.921,0.122,0.226,16.663,6.653,-9.827
0.917,0.107,0.229,14.771,6.897,-6.836
0.913,0.104,0.232,15.137,6.409,-4.211
0.932,0.119,0.245,16.724,5.615,-2.014
0.941,0.147,0.247,17.761,5.798,-0.488
0.953,0.171,0.242,18.494,6.104,-0.427
0.963,0.193,0.230,18.433,6.592,-0.977
0.959,0.200,0.213,16.296,7.080,-2.075
0.952,0.191,0.211,12.390,7.751,-3.113
0.949,0.176,0.224,8.911,8.057,-3.845
0.944,0.144,0.228,6.836,7.996,-4.700
0.942,0.097,0.221,5.615,8.667,-6.165

-0.007,1.278,-1.419,-50.293,116.211,245.056
-0.135,1.289,-1.541,-45.105,106.201,224.365
-0.206,1.226,-1.704,-34.607,88.928,205.444
-0.336,1.195,-1.813,-34.363,69.641,189.575
-0.448,1.122,-1.860,-46.265,51.331,175.110
-0.561,1.066,-1.902,-58.350,37.354,168.884
-0.729,1.043,-1.920,-77.271,23.621,169.678
-0.988,1.070,-2.044,-106.873,7.874,172.546
-1.278,1.128,-2.181,-115.234,-6.775,176.392
-1.492,1.204,-2.249,-109.009,-29.358,180.359
-1.641,1.249,-2.154,-100.098,-63.782,182.800
-1.812,1.322,-2.035,-93.384,-100.098,182.556
-2.004,1.392,-1.864,-80.994,-134.277,177.673
-2.178,1.516,-1.647,-54.749,-170.166,169.312
-2.406,1.667,-1.378,-30.579,-208.496,157.166
-2.646,1.938,-1.197,1.892,-241.699,138.733
-2.874,2.111,-0.934,26.062,-274.048,116.150
-3.076,2.156,-0.586,38.940,-309.082,90.637
-3.219,2.059,-0.213,50.476,-341.370,65.552
-3.325,1.924,0.263,51.575,-372.131,45.593
-3.429,1.812,0.761,58.350,-399.963,26.184
-3.404,1.679,1.238,83.923,-423.523,0.061
-3.285,1.468,1.671,103.271,-447.327,-33.386
-3.098,1.223,2.019,124.268,-464.111,-73.669
-2.810,0.996,2.226,144.531,-468.689,-112.976
-2.437,0.828,2.378,148.193,-462.830,-142.761
-2.000,0.709,2.500,128.723,-448.242,-161.499
-1.595,0.563,2.509,109.192,-426.880,-180.115
-1.194,0.389,2.466,104.309,-400.757,-209.045
-0.948,0.230,2.273,119.568,-369.934,-244.385
-0.875,0.092,1.885,152.588,-329.834,-276.123
-0.834,-0.071,1.540,176.697,-292.786,-289.307
-0.686,-0.301,1.411,175.598,-266.785,-273.621
-0.583,-0.482,1.332,152.649,-243.408,-234.863
-0.359,-0.548,1.391,110.596,-222.534,-182.373
-0.182,-0.453,1.430,62.927,-206.726,-126.526
-0.066,-0.257,1.407,31.494,-191.467,-85.205
0.037,0.020,1.378,18.433,-179.138,-62.622
0.181,0.343,1.491,11.902,-173.767,-54.260
0.352,0.613,1.518,18.982,-161.682,-58.105
0.537,0.667,1.526,28.137,-142.761,-75.134
0.578,0.499,1.599,34.302,-123.901,-102.539
0.584,0.204,1.697,55.725,-106.567,-129.456
0.653,-0.044,1.717,88.501,-87.952,-141.846
0.707,-0.179,1.653,111.755,-64.270,-137.268
0.670,-0.183,1.594,114.075,-39.124,-122.375
0.644,-0.094,1.529,96.375,-20.081,-100.708
0.640,0.025,1.439,68.848,-6.897,-75.745
0.645,0.152,1.394,40.283,1.404,-55.664
0.707,0.257,1.346,21.484,7.629,-44.434
0.820,0.329,1.310,18.555,13.855,-44.739
0.920,0.306,1.267,26.367,20.142,-56.824
0.897,0.205,1.181,36.743,27.222,-75.623
0.843,0.083,1.102,44.556,33.142,-92.346
0.818,-0.039,1.037,43.884,39.001,-97.534
0.832,-0.193,1.098,36.804,45.715,-88.745
0.895,-0.294,1.166,29.724,49.500,-70.007
0.920,-0.251,1.154,35.461,52.856,-50.537
0.911,-0.106,1.075,48.645,56.885,-36.682
0.924,0.104,0.970,57.922,60.120,-27.893
1.011,0.388,0.857,65.918,61.829,-25.208
1.044,0.605,0.838,70.435,66.772,-33.020
1.023,0.708,0.804,68.909,68.237,-55.481
0.889,0.668,0.651,72.754,70.679,-80.627
0.927,0.444,0.526,67.017,69.092,-92.896
1.012,0.193,0.569,50.171,65.247,-86.975
1.126,-0.005,0.671,42.114,62.439,-74.280
1.185,-0.134,0.702,44.250,61.462,-63.782
1.186,-0.194,0.670,52.673,63.354,-55.847
1.174,-0.161,0.582,60.425,65.491,-47.913
1.169,-0.044,0.456,64.819,66.589,-39.917
1.132,0.091,0.343,58.777,67.993,-35.217
1.102,0.209,0.335,39.917,70.068,-35.522
1.025,0.269,0.297,21.973,71.655,-39.429
0.991,0.332,0.217,18.127,72.021,-43.274
1.001,0.327,0.147,31.494,71.167,-42.969
1.059,0.281,0.179,33.081,64.636,-38.757
1.060,0.227,0.214,41.687,62.073,-33.936
1.029,0.175,0.207,48.035,61.462,-30.640
0.984,0.172,0.145,53.833,61.523,-26.672
0.954,0.229,0.137,56.335,60.730,-20.935
0.985,0.299,0.150,59.814,58.716,-16.357
1.038,0.372,0.154,61.279,57.861,-15.015
1.072,0.413,0.139,55.908,59.937,-17.029
1.077,0.441,0.159,50.476,65.552,-19.226
1.000,0.441,0.176,48.035,70.496,-23.010
0.972,0.437,0.112,38.818,72.449,-27.893
0.922,0.370,0.012,36.011,75.012,-30.518
0.898,0.318,0.003,28.625,72.083,-29.968
0.912,0.271,0.023,23.865,67.322,-25.208
0.915,0.244,0.021,23.987,65.369,-18.860
0.932,0.249,0.022,19.775,61.401,-12.634
0.945,0.283,0.035,21.057,58.899,-6.897
0.966,0.326,0.072,27.405,56.091,-4.456
0.973,0.362,0.082,36.682,54.810,-6.897
0.974,0.382,0.095,40.161,54.749,-15.076
0.931,0.364,0.087,40.344,54.871,-25.574
0.796,0.294,-0.003,41.382,54.138,-34.668
0.750,0.231,-0.097,38.452,50.171,-37.537
0.782,0.172,-0.077,29.602,42.175,-29.297
0.876,0.150,0.025,20.264,33.936,-15.259
0.927,0.158,0.078,17.578,31.189,-4.333
0.948,0.184,0.101,15.625,30.212,2.075
0.958,0.225,0.096,17.029,29.358,4.883
0.923,0.245,0.071,23.132,29.846,3.784
0.933,0.260,0.057,23.865,27.527,-0.305
0.942,0.241,0.067,24.414,22.339,-5.310
0.923,0.198,0.074,24.475,19.409,-9.888
0.907,0.155,0.081,24.109,19.958,-12.695
0.904,0.138,0.074,21.912,21.790,-12.024
0.871,0.130,0.044,17.456,23.743,-8.423
0.861,0.126,0.008,11.902,25.391,-2.930
0.888,0.153,0.002,7.629,25.757,5.005
0.907,0.184,0.033,6.226,23.560,11.292
0.927,0.213,0.072,8.240,20.508,13.306
0.948,0.233,0.074,14.526,18.616,10.376
0.950,0.255,0.057,20.569,17.090,4.333
0.951,0.252,0.028,24.719,14.404,-2.625
0.947,0.234,0.029,26.062,11.169,-8.606

0.422,0.760,-1.671,-28.809,41.870,254.944
0.322,0.989,-1.820,-45.105,40.283,252.197
0.242,1.123,-1.880,-52.429,28.442,240.784
0.225,1.227,-1.865,-50.171,10.681,221.436
0.206,1.241,-1.880,-45.227,1.709,200.195
0.025,1.214,-1.953,-42.358,-3.113,177.673
-0.126,1.078,-2.056,-31.738,-8.423,164.307
-0.230,0.921,-2.151,-18.921,-20.081,162.781
-0.464,0.755,-2.280,-14.404,-37.109,170.349
-0.764,0.562,-2.392,-26.245,-61.646,183.716
-1.138,0.406,-2.455,-45.227,-97.900,206.543
-1.470,0.536,-2.317,-56.274,-147.461,241.577
-1.703,1.014,-1.938,-90.698,-201.538,283.569
-2.020,1.596,-1.276,-106.689,-240.295,305.603
-2.194,2.311,-0.504,-78.125,-268.127,284.973
-2.229,2.838,-0.018,-16.052,-292.542,231.995
-2.352,2.845,0.251,25.513,-312.500,162.781
-2.573,2.561,0.418,28.442,-323.181,111.572
-2.831,2.359,0.689,9.094,-330.933,98.145
-2.854,2.446,1.052,-19.592,-343.201,117.126
-2.891,2.677,1.346,-33.020,-358.948,133.057
-2.837,2.863,1.568,-9.644,-376.648,111.145
-2.619,2.769,1.884,46.387,-398.010,41.077
-2.304,2.369,2.229,110.535,-417.542,-67.078
-1.935,1.877,2.507,185.303,-419.922,-195.312
-1.630,1.384,2.550,264.526,-401.978,-322.693
-1.390,0.849,2.454,324.585,-369.873,-430.847
-1.046,0.289,2.326,328.369,-329.529,-492.249
-0.739,-0.264,2.039,277.344,-280.029,-491.089
-0.578,-0.629,1.817,207.581,-223.022,-441.040
-0.337,-0.756,1.786,147.888,-169.922,-371.826
-0.251,-0.624,1.662,121.277,-124.939,-314.209
-0.158,-0.407,1.508,118.835,-97.290,-280.945
-0.157,-0.263,1.484,112.732,-83.008,-260.620
0.029,-0.067,1.349,85.754,-75.500,-247.437
-0.021,0.042,1.190,60.730,-59.204,-226.624
-0.025,0.056,1.246,30.701,-42.725,-205.261
0.037,0.017,1.291,-3.296,-35.828,-184.021
0.196,-0.075,1.322,-19.165,-21.484,-163.269
0.280,-0.197,1.272,-16.846,-2.380,-150.330
0.372,-0.351,1.175,-1.343,10.254,-144.531
0.550,-0.526,1.044,22.156,17.090,-137.512
0.684,-0.660,0.930,45.654,22.278,-130.615
0.755,-0.781,0.798,54.443,26.917,-122.925
0.790,-0.796,0.727,48.218,29.846,-108.582
0.859,-0.796,0.696,37.964,32.104,-92.041
0.876,-0.784,0.641,25.024,35.461,-76.050
0.901,-0.728,0.621,11.536,37.842,-60.608
1.001,-0.658,0.654,-3.052,38.818,-46.875
1.031,-0.636,0.688,-21.423,40.955,-33.386
1.001,-0.624,0.667,-36.804,44.861,-18.433
1.000,-0.568,0.675,-40.161,47.668,-4.822
1.024,-0.493,0.674,-26.367,46.814,1.465
1.073,-0.434,0.576,1.404,42.236,-3.174
1.095,-0.384,0.416,32.715,37.781,-13.123
1.120,-0.324,0.372,47.974,32.166,-16.663
1.149,-0.261,0.418,48.340,26.367,-10.803
1.187,-0.214,0.480,42.725,23.376,-4.944
1.184,-0.203,0.545,37.170,24.231,-4.822
1.065,-0.223,0.566,26.367,27.832,-8.606
1.015,-0.228,0.558,15.564,32.410,-10.864
1.039,-0.201,0.550,10.437,35.645,-6.592
1.077,-0.205,0.527,12.695,37.292,-4.089
1.128,-0.223,0.449,17.639,39.673,-3.906
1.146,-0.176,0.346,23.437,42.297,-1.953
1.149,-0.108,0.223,31.006,43.335,1.343
1.113,-0.031,0.190,33.386,40.222,4.211
1.089,0.046,0.194,32.776,34.241,8.423
1.097,0.146,0.231,33.997,30.029,10.864
1.093,0.260,0.319,30.151,29.297,8.911
1.084,0.315,0.384,21.545,31.433,3.418
1.094,0.302,0.449,18.982,35.156,-4.395
1.119,0.265,0.501,25.391,40.222,-13.000
1.126,0.207,0.470,36.743,46.021,-22.034
1.104,0.118,0.365,45.776,50.537,-30.212
1.056,0.033,0.249,53.101,53.284,-33.569
1.012,-0.013,0.128,54.626,53.528,-27.954
0.994,-0.008,0.027,48.157,52.246,-16.418
0.981,0.012,0.013,40.222,48.096,-4.395
0.994,0.080,0.068,34.302,40.466,5.676
1.044,0.182,0.156,34.912,33.630,12.695
1.077,0.252,0.207,35.706,32.349,13.977
1.100,0.315,0.242,33.936,36.011,11.230
1.081,0.341,0.264,30.762,39.246,6.104
1.059,0.322,0.269,28.015,40.710,-0.244
1.043,0.270,0.212,31.128,43.457,-5.859
0.990,0.213,0.128,32.410,44.983,-11.597
0.931,0.142,0.027,34.302,42.480,-16.235
0.924,0.083,-0.047,36.316,38.696,-15.930
0.922,0.072,-0.055,32.532,35.034,-8.972
0.922,0.115,-0.039,26.306,30.884,0.732
0.931,0.167,-0.013,22.644,26.917,9.033
0.939,0.209,0.016,21.729,23.499,13.123
0.965,0.239,0.078,20.935,21.667,13.000
0.972,0.293,0.120,22.034,21.790,10.010
0.983,0.316,0.155,22.156,22.095,3.174
0.973,0.278,0.175,21.057,21.851,-5.188
0.964,0.203,0.156,22.095,22.888,-12.329
0.932,0.120,0.110,21.912,24.841,-16.357
0.882,0.060,0.036,18.127,26.184,-15.381
0.899,0.030,-0.018,12.268,25.696,-8.240
0.922,0.038,-0.013,7.507,21.851,1.648
0.928,0.060,0.012,6.958,16.968,10.315
0.936,0.099,0.027,7.385,13.000,15.259
0.949,0.140,0.036,9.949,9.583,16.052
0.952,0.178,0.048,14.771,6.287,13.245
0.956,0.205,0.067,17.456,3.113,9.094
0.962,0.225,0.087,18.494,2.075,4.272
0.981,0.226,0.103,17.944,3.906,-0.244
0.965,0.227,0.150,13.733,7.935,-3.174
0.956,0.200,0.159,9.521,11.353,-4.272
0.937,0.161,0.138,7.080,14.343,-4.272
0.933,0.127,0.114,1.099,16.846,-2.319
0.952,0.115,0.113,-3.967,18.372,3.906
0.950,0.136,0.098,-4.333,18.311,9.766
0.952,0.162,0.085,-0.183,16.052,10.559
0.960,0.182,0.063,6.714,12.207,7.629
0.957,0.189,0.043,12.695,8.179,2.991
0.961,0.171,0.048,18.311,3.357,-2.441

1.670,-0.188,-0.791,148.926,60.425,97.595
1.427,-0.323,-0.665,135.498,51.758,86.365
1.151,-0.419,-0.519,115.906,56.152,91.064
0.917,-0.479,-0.497,105.591,67.017,115.845
0.648,-0.452,-0.602,89.478,83.435,159.119
0.432,-0.308,-0.803,62.866,103.149,213.257
0.197,-0.054,-0.936,27.039,118.835,268.494
-0.048,0.312,-1.083,-10.925,131.653,320.190
-0.201,0.724,-1.169,-34.424,149.292,355.530
-0.336,1.158,-1.376,-49.683,148.804,367.859
-0.434,1.515,-1.553,-41.809,134.338,352.722
-0.484,1.653,-1.763,-13.123,113.831,308.777
-0.574,1.606,-1.919,15.198,82.153,247.253
-0.673,1.395,-1.941,30.212,38.086,189.331
-0.793,1.141,-1.871,29.175,2.258,156.677
-0.878,0.953,-1.804,14.893,-23.621,157.288
-1.028,0.882,-1.786,-14.404,-47.363,187.561
-1.163,0.956,-1.820,-52.368,-72.021,236.694
-1.297,1.226,-1.753,-87.952,-97.717,289.490
-1.477,1.832,-1.658,-103.333,-126.282,324.829
-1.493,2.573,-1.385,-91.309,-155.273,319.946
-1.490,3.099,-1.103,-55.786,-180.908,269.897
-1.526,3.127,-1.070,-10.742,-200.073,185.974
-1.655,2.764,-0.995,3.967,-213.562,103.149
-1.799,2.379,-0.854,-1.648,-230.469,57.617
-1.843,2.149,-0.670,-10.742,-246.277,52.429
-1.884,2.052,-0.416,-28.748,-256.531,63.538
-1.936,2.027,-0.282,-41.565,-267.578,69.458
-2.040,1.991,-0.257,-43.030,-284.119,62.073
-2.289,1.937,-0.293,-43.884,-307.617,40.222
-2.437,1.864,-0.189,-40.100,-340.759,12.939
-2.467,1.757,0.074,-31.860,-376.587,-11.536
-2.470,1.640,0.434,-19.653,-406.006,-39.001
-2.472,1.543,0.767,3.357,-424.072,-71.045
-2.524,1.282,1.006,28.503,-436.340,-108.887
-2.455,0.984,1.262,52.246,-447.693,-145.447
-2.310,0.672,1.544,83.862,-456.116,-171.692
-2.055,0.365,1.743,121.216,-457.397,-191.833
-1.698,0.017,1.813,161.133,-447.632,-209.717
-1.370,-0.285,1.796,196.594,-420.105,-220.215
-1.025,-0.527,1.766,218.567,-378.418,-220.337
-0.810,-0.768,1.600,223.450,-335.754,-218.872
-0.453,-1.107,1.461,208.923,-304.749,-217.224
-0.187,-1.402,1.479,173.645,-285.522,-199.463
-0.119,-1.382,1.628,131.042,-258.545,-158.447
0.013,-1.122,1.769,82.336,-227.539,-101.563
0.150,-0.653,2.056,19.897,-203.125,-41.809
0.270,-0.035,2.342,-27.222,-180.847,7.141
0.449,0.531,2.495,-32.959,-156.250,33.020
0.689,1.023,2.620,-2.808,-125.427,22.461
0.739,1.270,2.386,48.950,-87.585,-21.667
0.767,1.152,1.957,91.553,-49.011,-83.313
0.714,0.684,1.645,102.112,-17.334,-132.080
0.633,0.182,1.422,88.562,7.263,-150.818
0.634,-0.138,1.241,73.425,27.466,-141.907
0.709,-0.227,1.100,67.017,41.077,-120.544
0.741,-0.135,0.946,70.313,52.124,-100.586
0.770,0.061,0.786,76.355,60.120,-84.961
0.780,0.266,0.642,81.726,60.547,-77.332
0.739,0.401,0.540,80.811,52.612,-79.773
0.739,0.484,0.505,72.388,42.847,-83.191
0.703,0.535,0.462,58.228,35.583,-81.726
0.647,0.526,0.447,39.673,28.687,-79.102
0.601,0.462,0.473,21.240,20.935,-73.730
0.662,0.337,0.528,11.230,14.343,-66.101
0.765,0.222,0.573,11.047,11.292,-58.228
0.861,0.147,0.656,18.188,9.888,-51.331
0.925,0.104,0.727,30.151,10.254,-48.523
0.921,0.103,0.739,47.913,12.573,-48.401
0.926,0.119,0.738,64.758,14.771,-48.828
0.904,0.151,0.718,74.219,17.456,-47.485
0.866,0.197,0.686,73.669,20.935,-44.495
0.845,0.300,0.637,63.354,24.963,-39.673
0.878,0.346,0.615,49.561,27.466,-36.011
0.896,0.330,0.595,34.546,28.076,-34.546
0.940,0.259,0.582,20.569,29.541,-32.227
0.964,0.171,0.584,13.550,28.992,-31.372
0.953,0.101,0.613,11.475,27.466,-31.128
0.938,0.056,0.645,15.747,25.879,-30.090
0.917,0.049,0.666,24.109,25.452,-27.466
0.894,0.076,0.658,31.616,26.794,-22.949
0.890,0.134,0.617,34.546,29.480,-16.296
0.910,0.192,0.575,32.654,32.166,-8.911
0.935,0.235,0.555,27.344,34.790,-4.272
0.918,0.260,0.506,22.095,38.208,-2.625
0.912,0.295,0.438,17.944,41.809,-2.197
0.903,0.316,0.422,13.184,42.053,-2.686
0.878,0.316,0.400,8.240,39.856,-3.845
0.860,0.317,0.379,6.592,38.635,-4.272
0.832,0.318,0.398,5.798,36.682,-3.845
0.824,0.323,0.398,7.446,34.119,-2.930
0.839,0.327,0.372,10.864,32.288,-2.258
0.840,0.321,0.330,15.442,29.358,-2.991
0.854,0.314,0.310,18.616,26.184,-3.235
0.886,0.332,0.307,18.799,24.109,-2.502
0.887,0.349,0.316,18.005,23.193,-2.319
0.879,0.362,0.313,16.541,23.254,-3.174
0.868,0.376,0.298,13.428,24.231,-2.563
0.865,0.388,0.287,7.874,24.780,-0.488
0.859,0.404,0.290,3.967,24.719,0.366
0.853,0.407,0.303,3.235,23.376,-1.892
0.865,0.388,0.318,4.883,20.935,-5.371
0.874,0.365,0.324,9.155,19.226,-9.705
0.866,0.350,0.351,13.794,17.578,-14.160
0.861,0.338,0.360,19.043,15.564,-17.883
0.866,0.327,0.381,23.071,13.428,-20.813
0.866,0.318,0.427,24.292,11.963,-21.790
0.857,0.305,0.466,25.574,11.902,-22.705
0.827,0.297,0.460,25.696,14.709,-22.888
0.831,0.289,0.454,22.400,18.372,-21.118
0.843,0.287,0.458,18.616,20.813,-18.188
0.846,0.290,0.463,15.808,23.315,-15.869
0.863,0.313,0.464,15.320,27.161,-13.977
0.856,0.353,0.454,16.724,30.945,-13.672
0.853,0.392,0.435,17.639,34.058,-15.869
0.840,0.411,0.446,16.907,35.767,-19.531
0.829,0.401,0.472,17.883,35.706,-24.902
0.849,0.366,0.477,20.508,36.011,-30.823
0.871,0.313,0.472,23.071,36.865,-35.706

-0.310,1.387,-1.260,-40.588,91.064,260.315
-0.401,1.332,-1.290,-62.439,76.843,252.014
-0.519,1.179,-1.288,-80.994,60.608,247.009
-0.708,0.971,-1.358,-87.219,47.607,246.277
-0.851,0.819,-1.474,-83.130,34.790,252.075
-1.046,0.772,-1.579,-70.557,15.869,262.512
-1.213,0.762,-1.645,-49.683,-9.705,266.907
-1.368,0.854,-1.683,-24.719,-40.833,264.038
-1.511,1.032,-1.668,-5.188,-74.524,257.507
-1.668,1.311,-1.611,6.592,-105.652,247.742
-1.798,1.612,-1.599,8.667,-129.028,232.544
-1.959,1.783,-1.584,2.319,-150.696,210.815
-2.132,1.797,-1.564,-8.301,-171.265,187.866
-2.356,1.692,-1.501,-14.404,-187.927,171.204
-2.554,1.530,-1.483,-5.798,-207.031,163.208
-2.712,1.364,-1.355,13.916,-230.469,158.691
-2.904,1.211,-1.143,42.969,-257.446,152.039
-3.199,1.132,-0.983,69.031,-286.438,139.221
-3.578,1.233,-0.718,79.224,-319.519,127.747
-3.807,1.418,-0.260,83.557,-369.141,120.117
-3.708,1.575,0.593,89.844,-422.119,108.337
-3.403,1.719,1.407,105.896,-462.158,84.473
-2.975,1.844,1.981,151.672,-478.943,36.987
-2.522,1.883,2.274,209.534,-466.248,-37.781
-2.139,1.706,2.237,270.752,-434.265,-134.644
-1.866,1.309,2.141,324.890,-396.851,-240.417
-1.707,0.734,1.855,379.517,-363.586,-336.792
-1.505,-0.080,1.396,422.913,-330.566,-409.485
-1.102,-0.902,1.051,421.997,-294.983,-440.186
-0.798,-1.557,0.859,339.966,-256.653,-406.921
-0.528,-1.878,0.842,200.073,-205.688,-319.031
-0.335,-1.781,1.029,59.753,-164.001,-207.336
-0.037,-1.370,1.214,-21.423,-152.283,-107.666
0.095,-0.760,1.440,-38.025,-151.672,-49.500
0.175,0.010,1.656,-19.958,-156.677,-35.156
0.201,0.830,1.749,37.354,-154.480,-56.274
0.214,1.372,1.728,82.764,-149.963,-99.426
0.170,1.503,1.735,83.984,-144.409,-147.400
0.201,1.118,1.815,53.589,-128.052,-176.941
0.305,0.467,1.955,14.832,-103.760,-178.345
0.513,-0.019,2.214,-19.165,-77.454,-163.208
0.780,-0.251,2.264,-18.372,-46.875,-143.921
0.839,-0.214,2.089,21.545,-11.108,-138.062
0.696,-0.028,1.686,76.538,20.447,-147.156
0.578,0.195,1.203,124.146,39.185,-155.396
0.556,0.335,0.845,130.859,46.509,-151.550
0.535,0.352,0.713,87.280,47.424,-138.855
0.510,0.301,0.726,27.832,45.410,-120.605
0.531,0.275,0.754,-8.301,43.335,-103.394
0.569,0.288,0.874,-24.902,38.025,-95.886
0.588,0.345,0.964,-20.996,33.264,-97.290
0.579,0.421,0.984,-2.625,31.799,-104.675
0.577,0.497,1.007,25.085,31.067,-115.173
0.661,0.495,0.992,62.256,31.006,-123.535
0.774,0.453,0.941,96.375,32.654,-130.493
0.782,0.366,0.855,108.765,38.208,-135.986
0.698,0.248,0.721,97.534,44.250,-135.986
0.684,0.142,0.641,66.528,50.720,-124.451
0.727,0.067,0.680,29.114,55.542,-104.431
0.765,0.008,0.776,5.676,58.167,-89.600
0.790,-0.079,0.869,5.249,59.082,-87.158
0.846,-0.135,0.879,20.691,59.631,-91.248
0.898,-0.098,0.802,43.640,63.904,-94.604
0.942,-0.020,0.710,64.514,67.566,-93.750
0.976,0.048,0.614,72.754,66.772,-88.440
1.000,0.132,0.492,72.021,66.833,-80.933
0.955,0.190,0.429,59.143,70.984,-72.327
0.844,0.203,0.385,35.583,74.829,-62.866
0.872,0.176,0.383,17.761,75.500,-52.490
0.937,0.129,0.452,10.376,72.876,-46.692
1.006,0.081,0.481,18.127,71.289,-50.232
1.023,0.045,0.428,37.476,72.937,-60.974
1.024,0.012,0.344,58.777,73.853,-72.571
1.035,-0.025,0.257,78.125,70.801,-79.224
1.059,-0.074,0.228,88.928,66.528,-78.735
1.021,-0.088,0.182,88.623,66.040,-69.153
0.897,-0.097,0.049,77.881,67.261,-53.101
0.879,-0.041,-0.114,56.030,67.505,-30.823
0.985,0.081,-0.122,31.494,63.477,-3.296
1.067,0.204,0.002,17.517,54.443,14.771
1.112,0.276,0.033,18.005,50.293,15.259
1.099,0.327,-0.018,21.057,53.345,4.822
1.098,0.343,-0.105,21.912,54.932,-4.822
1.075,0.342,-0.162,23.437,53.101,-11.841
1.049,0.309,-0.164,24.292,47.485,-18.555
1.043,0.271,-0.147,26.855,39.734,-24.414
1.009,0.239,-0.127,31.067,33.020,-26.917
1.005,0.209,-0.135,34.485,26.367,-26.489
1.058,0.185,-0.118,33.203,20.264,-22.156
1.078,0.185,-0.075,27.039,17.456,-14.526
1.094,0.213,-0.023,18.188,16.846,-8.240
1.084,0.244,-0.016,12.817,18.250,-4.822
1.075,0.271,-0.022,10.803,19.958,-4.578
1.063,0.268,-0.036,12.512,21.423,-5.676
1.034,0.255,-0.012,12.512,21.484,-6.470
1.010,0.235,0.011,11.108,21.362,-6.287
0.994,0.213,0.042,10.925,20.996,-5.859
0.973,0.186,0.076,12.146,19.165,-5.737
0.959,0.165,0.113,13.306,16.785,-4.944
0.951,0.143,0.138,14.099,14.954,-3.906
0.932,0.125,0.146,14.648,14.038,-2.197
0.914,0.112,0.125,14.282,14.465,0.732
0.934,0.100,0.125,10.925,14.526,5.127
0.926,0.115,0.150,4.944,13.489,10.132
0.924,0.127,0.153,2.808,13.489,14.282
0.935,0.152,0.155,4.639,14.587,15.869
0.922,0.201,0.169,5.920,14.771,15.015
0.919,0.249,0.176,7.996,13.733,11.719
0.926,0.268,0.183,13.123,11.902,6.653
0.920,0.260,0.182,16.174,10.376,2.380
0.919,0.239,0.170,16.357,10.925,0.732
0.924,0.222,0.166,14.038,12.146,1.282
0.935,0.212,0.166,12.024,12.390,2.197
0.938,0.208,0.154,12.817,12.329,2.014
0.946,0.203,0.127,15.930,11.902,1.038
0.945,0.209,0.128,19.653,9.949,-0.488
0.964,0.211,0.166,23.315,6.592,-2.563
0.969,0.234,0.175,24.353,6.470,-3.357
0.958,0.269,0.129,20.874,9.888,-3.662

-0.461,1.076,-1.544,95.825,193.420,277.832
-0.536,1.091,-1.634,98.633,170.532,265.625
-0.653,1.041,-1.703,108.215,141.846,248.230
-0.821,0.962,-1.786,115.356,113.342,231.567
-1.005,0.934,-1.978,125.427,87.769,224.426
-1.233,0.993,-2.319,146.057,55.481,229.065
-1.509,1.074,-2.599,129.944,7.446,239.624
-1.820,1.189,-2.717,81.604,-42.969,259.521
-1.997,1.263,-2.713,46.204,-94.604,286.072
-2.190,1.421,-2.402,4.272,-144.043,305.908
-2.372,1.834,-1.805,-9.155,-181.458,311.157
-2.404,2.462,-1.268,30.884,-211.731,280.823
-2.366,2.817,-1.079,99.792,-240.479,205.322
-2.404,2.695,-0.807,144.958,-265.076,103.882
-2.536,2.335,-0.558,157.104,-284.851,20.569
-2.573,1.894,-0.280,161.865,-298.889,-17.029
-2.532,1.614,0.001,147.339,-314.392,-26.550
-2.569,1.478,0.297,128.235,-331.482,-27.893
-2.663,1.376,0.598,113.831,-353.699,-36.865
-2.747,1.252,0.812,108.948,-380.371,-55.054
-2.756,1.177,0.978,110.962,-410.889,-77.271
-2.538,1.224,1.655,100.403,-439.941,-97.229
-2.375,1.463,2.261,80.811,-454.224,-127.136
-2.265,1.734,2.610,76.355,-444.458,-178.345
-2.150,1.621,2.538,70.923,-414.185,-238.770
-2.102,1.110,2.469,62.500,-382.996,-294.861
-1.975,0.613,2.439,60.913,-362.244,-336.304
-1.668,0.202,2.331,79.834,-343.628,-356.262
-1.317,-0.120,2.149,104.004,-318.420,-364.197
-0.973,-0.387,1.975,130.798,-285.950,-361.877
-0.730,-0.614,1.809,157.654,-247.437,-347.595
-0.596,-0.809,1.671,173.462,-208.313,-330.200
-0.262,-0.917,1.489,177.795,-184.753,-326.172
-0.011,-0.932,1.279,181.885,-175.415,-332.642
0.182,-0.983,1.169,173.889,-176.331,-334.900
0.117,-1.000,1.232,156.128,-173.157,-313.965
0.208,-0.914,1.343,112.976,-160.461,-277.283
0.315,-0.857,1.372,46.082,-146.179,-229.675
0.518,-0.881,1.557,-3.540,-124.695,-169.556
0.641,-0.782,1.711,-9.521,-102.234,-115.845
0.656,-0.651,1.790,14.648,-78.613,-87.036
0.679,-0.506,1.759,51.025,-58.350,-84.229
0.744,-0.392,1.618,84.473,-44.067,-91.919
0.756,-0.344,1.461,94.299,-30.273,-97.168
0.803,-0.344,1.343,83.618,-16.724,-96.313
0.850,-0.337,1.270,69.275,-4.150,-89.722
0.872,-0.269,1.188,60.181,9.399,-81.543
0.885,-0.173,1.125,55.115,24.902,-75.684
0.864,-0.100,1.086,49.255,37.415,-75.928
0.803,-0.056,1.067,43.152,45.288,-79.895
0.762,-0.034,1.038,38.086,48.523,-82.825
0.754,-0.047,1.056,26.978,52.368,-78.308
0.752,-0.090,1.096,10.254,59.998,-67.810
0.783,-0.124,1.013,-1.648,65.308,-55.298
0.809,-0.149,0.902,-0.427,67.871,-45.410
0.853,-0.136,0.845,5.066,68.542,-39.063
0.867,-0.055,0.827,12.207,69.397,-37.781
0.845,0.036,0.833,20.752,73.730,-41.992
0.804,0.123,0.839,27.222,81.055,-49.133
0.705,0.153,0.778,26.184,88.135,-57.800
0.611,0.152,0.622,21.118,92.163,-65.186
0.666,0.107,0.561,20.691,90.393,-60.791
0.826,0.002,0.656,-0.183,78.003,-50.049
0.886,-0.110,0.682,-11.475,67.505,-44.312
0.869,-0.184,0.612,-4.761,67.139,-43.335
0.861,-0.187,0.514,0.305,68.848,-42.114
0.835,-0.150,0.481,4.700,65.369,-41.199
0.847,-0.124,0.492,12.939,56.396,-43.762
0.865,-0.115,0.510,22.522,48.279,-49.133
0.891,-0.153,0.595,20.020,46.631,-55.481
0.910,-0.202,0.634,16.113,54.504,-57.678
0.882,-0.255,0.634,17.578,68.970,-55.542
0.810,-0.294,0.593,18.494,82.214,-51.208
0.759,-0.338,0.502,23.254,91.736,-45.654
0.713,-0.365,0.385,30.396,93.933,-38.208
0.741,-0.382,0.242,36.682,88.257,-29.114
0.802,-0.382,0.161,42.908,78.064,-18.372
0.819,-0.347,0.142,43.274,66.223,-9.155
0.813,-0.286,0.121,45.044,57.434,-2.747
0.833,-0.185,0.096,49.072,52.124,3.052
0.851,-0.101,0.095,48.462,48.828,6.226
0.903,0.007,0.185,36.682,47.180,6.592
0.937,0.088,0.191,33.264,49.011,3.479
0.977,0.150,0.224,42.664,50.659,-3.906
1.027,0.155,0.202,55.176,53.162,-12.939
1.009,0.099,0.131,64.270,59.082,-21.484
0.965,0.026,0.012,81.848,61.646,-29.846
0.927,-0.051,-0.052,100.281,54.443,-38.635
0.931,-0.108,-0.113,109.375,43.762,-43.274
0.968,-0.143,-0.131,112.305,34.607,-42.053
0.980,-0.103,-0.091,109.802,27.466,-34.546
1.014,-0.003,-0.015,105.164,22.217,-22.705
1.081,0.110,0.026,97.595,21.912,-11.414
1.128,0.195,0.058,84.106,28.870,-5.127
1.094,0.222,0.070,67.017,38.330,-5.249
1.073,0.189,0.031,50.842,41.199,-9.827
1.090,0.104,-0.045,40.405,38.818,-14.832
1.061,0.009,-0.130,37.842,37.415,-16.785
1.022,-0.060,-0.158,32.349,33.203,-14.893
1.012,-0.107,-0.162,27.893,26.611,-9.583
1.013,-0.100,-0.149,27.100,20.203,-2.930
1.020,-0.077,-0.104,28.015,13.184,3.601
1.041,-0.031,-0.039,26.917,7.019,10.498
1.078,0.045,0.016,27.527,4.639,16.846
1.105,0.141,0.065,28.992,5.066,18.677
1.101,0.211,0.127,27.832,5.432,14.099
1.101,0.221,0.145,25.635,7.202,4.395
1.073,0.169,0.097,25.635,11.169,-4.578
1.064,0.094,0.040,22.156,15.137,-9.399
1.031,0.006,-0.015,16.846,18.372,-10.010
1.032,-0.074,-0.049,9.705,19.836,-6.714
1.037,-0.113,-0.065,3.235,19.409,0.427
1.053,-0.094,-0.040,-2.625,15.747,11.414
1.075,-0.051,0.030,-5.981,10.620,22.827
1.094,0.006,0.058,-4.944,10.315,32.104
1.110,0.102,0.066,-5.371,14.465,37.231
1.115,0.185,0.078,-8.606,18.555,36.377
1.082,0.238,0.064,-7.629,22.705,30.212
1.055,0.242,0.037,-8.850,25.452,20.203

-0.208,0.633,-1.579,-6.409,11.536,214.417
-0.392,0.539,-1.664,16.418,-9.460,221.985
-0.514,0.548,-1.597,34.058,-23.315,235.291
-0.643,0.740,-1.508,29.114,-44.373,248.413
-0.815,0.983,-1.351,10.193,-66.589,253.479
-0.938,1.238,-1.201,-2.808,-86.609,247.925
-1.074,1.362,-1.039,-23.315,-98.816,236.023
-1.229,1.535,-0.900,-49.011,-105.042,222.046
-1.273,1.752,-0.812,-87.585,-119.629,203.613
-1.488,1.844,-0.847,-114.197,-127.747,182.312
-1.722,1.750,-0.881,-119.324,-124.634,160.400
-2.039,1.615,-0.956,-105.408,-124.390,136.963
-2.228,1.510,-1.032,-78.979,-132.935,121.216
-2.403,1.425,-1.055,-67.566,-151.855,115.540
-2.609,1.445,-1.076,-54.810,-175.049,114.014
-2.739,1.556,-1.019,-33.752,-197.021,108.215
-2.848,1.665,-0.932,-10.071,-220.886,90.881
-2.872,1.726,-0.790,13.794,-244.934,59.265
-2.890,1.714,-0.719,39.368,-267.822,19.958
-2.892,1.636,-0.621,69.214,-284.485,-26.367
-3.066,1.562,-0.831,100.403,-294.128,-80.322
-3.455,1.390,-1.204,123.718,-310.120,-138.489
-3.652,1.032,-1.105,129.883,-342.896,-185.791
-3.724,0.518,-0.751,132.446,-381.165,-207.642
-3.550,0.013,-0.620,137.573,-412.354,-209.900
-3.491,-0.413,-0.478,146.240,-417.908,-208.496
-3.370,-0.824,-0.135,154.602,-409.058,-208.191
-3.184,-1.168,0.422,163.025,-421.997,-205.933
-2.890,-1.178,0.852,182.617,-443.054,-199.158
-2.513,-0.946,1.189,212.402,-458.313,-194.336
-2.265,-0.722,1.470,243.713,-463.135,-198.425
-1.958,-0.503,1.743,268.066,-453.857,-215.637
-1.759,-0.295,1.955,277.466,-431.641,-232.117
-1.485,-0.169,2.210,282.410,-399.353,-237.854
-1.286,-0.064,2.447,303.406,-360.352,-249.451
-0.921,-0.004,2.698,330.200,-320.007,-272.522
-0.653,0.067,2.773,340.027,-277.405,-289.917
-0.528,0.062,2.736,320.007,-231.384,-291.565
-0.272,-0.287,2.790,263.367,-189.270,-281.555
0.038,-0.825,2.974,177.979,-140.808,-257.996
0.245,-1.290,3.059,104.126,-76.294,-225.220
0.510,-1.510,3.001,69.336,-13.367,-190.552
0.737,-1.530,2.884,65.857,24.475,-166.992
0.695,-1.365,2.639,82.886,46.021,-162.781
0.603,-0.999,2.324,114.319,75.073,-164.062
0.436,-0.613,1.887,140.076,98.633,-155.273
0.312,-0.325,1.445,142.578,96.741,-140.320
0.299,-0.195,1.152,124.512,84.045,-122.009
0.253,-0.158,0.985,100.342,73.975,-104.126
0.403,-0.267,1.007,75.439,65.247,-91.431
0.610,-0.441,1.057,57.495,57.617,-80.933
0.758,-0.670,1.065,46.204,52.368,-73.242
0.838,-0.859,1.065,53.528,69.275,-70.313
0.857,-0.991,1.024,78.735,97.595,-69.885
0.840,-0.973,0.916,112.000,114.502,-66.467
0.796,-0.774,0.825,147.827,127.380,-55.359
0.957,-0.582,0.683,176.147,141.357,-34.424
1.042,-0.282,0.507,186.462,153.442,-16.724
0.886,0.123,0.261,171.936,156.982,-7.935
1.022,-0.056,0.145,94.299,124.939,-5.554
0.875,-0.131,0.124,34.668,83.862,-16.724
0.983,-0.188,0.195,3.174,52.856,-11.353
1.186,-0.194,0.340,4.700,36.499,5.676
1.262,-0.160,0.388,18.188,32.654,9.949
1.247,-0.141,0.358,33.508,35.461,1.038
1.220,-0.091,0.277,54.260,38.086,-4.517
1.214,-0.028,0.186,70.496,36.255,-2.991
1.189,0.001,0.117,73.242,35.950,5.066
1.129,0.087,0.185,64.331,46.204,15.991
1.116,0.174,0.202,52.246,54.199,21.912
1.079,0.205,0.193,44.250,56.763,17.090
1.022,0.193,0.157,44.312,55.481,7.751
1.014,0.183,0.037,49.927,44.006,1.526
1.071,0.151,0.053,55.481,27.771,3.540
1.122,0.100,0.146,60.425,13.000,8.789
1.154,0.056,0.227,69.580,3.235,9.949
1.147,0.032,0.313,72.205,3.662,12.329
1.089,0.047,0.438,68.726,7.935,12.451
1.068,0.081,0.498,65.552,11.292,11.841
1.044,0.155,0.517,57.739,16.174,12.085
0.999,0.237,0.499,44.373,22.461,14.526
1.008,0.302,0.463,26.733,27.832,19.287
0.989,0.328,0.455,11.841,33.142,24.536
0.976,0.370,0.430,5.127,35.522,27.771
0.970,0.396,0.438,5.249,31.921,27.039
0.932,0.407,0.450,15.198,24.841,22.278
0.945,0.397,0.430,32.532,16.663,15.869
0.922,0.361,0.435,44.312,12.817,8.179
0.890,0.310,0.475,44.556,14.038,2.197
0.890,0.250,0.518,43.396,15.625,0.061
0.902,0.213,0.522,42.236,17.151,1.709
0.906,0.222,0.496,38.147,21.362,5.554
0.891,0.263,0.457,31.128,26.794,10.376
0.884,0.295,0.419,21.606,30.518,15.015
0.889,0.306,0.404,14.832,32.104,17.456
0.889,0.315,0.374,14.771,33.569,14.832
0.872,0.310,0.323,18.188,35.339,7.690
0.849,0.291,0.312,20.874,34.302,-0.854
0.826,0.246,0.339,23.987,28.931,-9.583
0.831,0.184,0.385,27.344,21.912,-16.418
0.864,0.127,0.418,29.785,17.822,-17.639
0.876,0.074,0.442,27.588,17.517,-13.550
0.891,0.059,0.465,19.897,18.555,-4.761
0.895,0.082,0.425,9.766,23.987,6.592
0.882,0.154,0.369,1.282,30.884,16.113
0.844,0.216,0.306,-3.967,35.706,17.334
0.817,0.250,0.260,-3.784,37.231,9.888
0.812,0.238,0.215,3.662,34.851,-1.465
0.789,0.187,0.163,13.550,30.029,-10.803
0.780,0.140,0.145,19.531,24.780,-15.320
0.794,0.106,0.183,20.508,18.982,-14.709
0.831,0.078,0.237,19.592,13.306,-12.329
0.860,0.073,0.282,16.724,9.827,-9.644
0.886,0.088,0.308,11.353,8.972,-6.042
0.906,0.108,0.316,7.996,10.193,-3.174
0.920,0.124,0.325,8.362,11.963,-1.221
0.924,0.138,0.310,11.108,14.404,-0.793
0.927,0.145,0.293,13.916,16.907,-1.892
0.935,0.161,0.268,14.465,18.494,-3.418

0.938,1.037,-0.600,174.133,106.689,242.065
0.848,1.023,-0.773,163.208,106.506,234.985
0.888,0.971,-1.006,142.761,96.985,230.774
0.921,0.928,-1.228,122.742,79.346,227.173
0.733,0.817,-1.266,98.572,54.199,223.633
0.474,0.760,-1.322,72.632,25.146,225.952
0.160,0.806,-1.365,57.251,-0.732,238.770
-0.220,0.952,-1.290,42.725,-28.870,258.118
-0.554,1.227,-1.088,26.184,-58.777,273.010
-0.687,1.912,-0.634,26.184,-82.336,279.236
-0.981,2.615,-0.572,53.040,-101.501,253.296
-1.136,2.954,-0.671,76.416,-124.512,188.599
-1.475,2.938,-0.662,83.618,-146.973,121.521
-1.380,2.834,-0.451,62.073,-172.485,74.768
-1.524,2.611,-0.257,27.832,-189.331,49.133
-1.671,2.337,-0.081,-22.339,-194.275,27.893
-1.909,2.085,0.068,-62.927,-199.280,14.648
-2.112,1.894,0.186,-86.609,-210.144,1.892
-2.424,1.796,0.125,-91.919,-222.046,-9.888
-2.554,1.874,0.113,-87.891,-238.770,-23.254
-2.600,2.015,0.197,-74.463,-254.517,-37.659
-2.613,2.112,0.254,-59.875,-265.259,-62.317
-2.652,2.142,0.355,-42.114,-266.357,-92.896
-2.625,2.109,0.497,-16.418,-264.404,-123.291
-2.584,2.029,0.631,14.099,-265.442,-150.269
-2.563,1.932,0.744,46.692,-262.817,-184.021
-2.491,1.751,0.867,80.933,-257.324,-220.825
-2.403,1.520,0.996,117.004,-248.474,-255.127
-2.279,1.249,1.138,157.715,-230.286,-286.926
-2.132,1.013,1.178,199.768,-204.590,-320.251
-1.967,0.844,0.995,231.323,-178.101,-362.305
-1.885,0.661,0.797,231.506,-155.273,-397.888
-1.807,0.446,0.751,198.669,-134.644,-408.142
-1.585,0.069,0.833,149.353,-119.629,-392.334
-1.351,-0.313,0.934,92.712,-101.624,-355.286
-1.231,-0.598,0.973,41.138,-83.618,-305.725
-1.050,-0.621,1.013,16.235,-77.026,-258.789
-0.816,-0.437,1.152,22.766,-78.552,-229.492
-0.642,-0.124,1.165,50.720,-84.595,-225.769
-0.507,0.180,1.161,78.186,-84.412,-237.610
-0.473,0.404,1.138,87.158,-78.857,-252.686
-0.451,0.384,1.149,73.547,-71.167,-267.883
-0.457,0.146,1.195,52.307,-64.514,-283.386
-0.383,-0.263,1.203,36.377,-61.646,-297.058
-0.273,-0.851,1.181,14.771,-58.594,-298.218
-0.173,-1.352,1.211,-20.020,-54.871,-276.367
-0.002,-1.688,1.233,-42.175,-49.561,-237.061
0.180,-1.780,1.251,-41.687,-42.542,-198.364
0.299,-1.628,1.219,-30.212,-35.156,-168.213
0.387,-1.326,1.140,-20.752,-28.870,-140.930
0.434,-0.924,1.023,-23.132,-21.973,-112.793
0.493,-0.578,1.018,-38.391,-19.226,-91.675
0.531,-0.396,1.047,-57.800,-20.447,-85.083
0.485,-0.332,0.999,-70.251,-18.616,-89.417
0.460,-0.412,1.034,-79.407,-20.569,-94.849
0.396,-0.601,1.122,-85.754,-28.931,-96.680
0.396,-0.839,1.225,-75.562,-34.729,-98.083
0.416,-1.097,1.321,-47.058,-33.936,-99.426
0.476,-1.302,1.347,-13.855,-27.222,-93.079
0.538,-1.370,1.332,11.902,-17.578,-75.134
0.613,-1.313,1.294,27.710,-7.751,-51.270
0.705,-1.174,1.264,36.499,0.793,-28.503
0.686,-0.933,1.160,40.344,10.620,-9.460
0.720,-0.667,1.071,38.086,19.897,4.272
0.770,-0.453,1.043,29.724,27.710,12.207
0.817,-0.298,1.048,17.944,31.433,13.550
0.820,-0.201,1.064,7.812,32.959,10.071
0.808,-0.150,1.052,0.549,32.043,4.456
0.794,-0.146,1.032,4.333,30.701,-1.343
0.817,-0.230,1.012,13.977,32.715,-4.578
0.865,-0.314,1.001,25.330,33.203,-7.751
0.879,-0.414,0.995,32.959,34.790,-11.353
0.837,-0.464,0.898,39.429,39.856,-10.132
0.764,-0.456,0.799,40.527,44.006,-3.052
0.731,-0.422,0.755,36.377,43.091,9.460
0.793,-0.366,0.767,30.334,38.879,25.269
0.823,-0.235,0.789,22.583,37.231,40.100
0.830,-0.044,0.817,14.099,40.527,50.171
0.846,0.109,0.799,9.766,45.349,52.795
0.863,0.178,0.776,7.507,49.744,47.668
0.871,0.195,0.756,8.667,52.612,38.879
0.893,0.154,0.748,14.099,53.223,29.114
0.896,0.091,0.740,20.264,54.077,20.752
0.786,0.059,0.648,26.001,55.725,16.296
0.691,0.049,0.543,27.771,54.993,16.113
0.727,0.012,0.564,22.949,46.082,21.301
0.796,-0.008,0.666,18.188,36.499,29.297
0.797,0.040,0.684,18.982,34.912,35.706
0.805,0.135,0.653,20.264,38.330,40.161
0.815,0.254,0.629,21.912,40.527,41.138
0.834,0.324,0.612,24.963,41.443,37.170
0.829,0.355,0.593,26.184,42.175,30.212
0.827,0.355,0.579,26.855,43.640,23.315
0.755,0.304,0.591,29.419,46.448,19.958
0.751,0.266,0.608,30.212,48.279,17.639
0.743,0.216,0.587,31.250,47.119,14.709
0.742,0.181,0.571,33.630,46.143,13.550
0.711,0.179,0.534,32.593,44.922,16.296
0.735,0.216,0.502,31.433,43.213,22.888
0.778,0.276,0.500,31.067,40.466,30.212
0.806,0.351,0.502,30.579,38.513,34.485
0.821,0.417,0.497,31.433,38.025,32.898
0.817,0.444,0.477,33.264,37.292,25.940
0.812,0.426,0.461,34.790,36.621,16.479
0.802,0.387,0.447,34.607,37.537,8.057
0.789,0.349,0.434,32.471,38.208,2.502
0.777,0.291,0.451,28.137,37.781,-0.793
0.782,0.236,0.456,23.437,37.903,-0.427
0.777,0.213,0.432,20.264,38.635,2.869
0.776,0.224,0.409,17.578,38.269,7.263
0.787,0.252,0.410,17.273,36.011,11.230
0.809,0.291,0.413,20.447,32.654,13.428
0.821,0.333,0.388,25.879,30.823,12.634
0.825,0.366,0.359,29.053,30.090,9.460
0.809,0.387,0.331,28.748,29.297,5.676
0.815,0.375,0.339,25.818,27.649,0.854
0.820,0.326,0.379,22.095,25.452,-3.906
0.816,0.273,0.408,19.653,24.475,-7.874
0.834,0.215,0.417,16.479,23.499,-10.315


